{
  "source_run_root": "/root/_runs/n15_official_zip_spatial_compare_groups_20260328_103556/autohorizon",
  "episodes": 500,
  "aggregate_horizon_counts": {
    "4": 938,
    "5": 9581,
    "6": 944,
    "7": 57,
    "8": 74,
    "9": 12,
    "10": 76,
    "11": 166,
    "12": 5
  },
  "aggregate_horizon_probs": {
    "4": 0.07913608369189234,
    "5": 0.8083185691386147,
    "6": 0.07964228465367418,
    "7": 0.00480890913692736,
    "8": 0.006243145195309204,
    "9": 0.0010124019235636548,
    "10": 0.00641187884923648,
    "11": 0.014004893275963892,
    "12": 0.0004218341348181895
  },
  "mean_horizon": 5.151944655361512,
  "start_counts": {
    "5": 483,
    "6": 10,
    "9": 1,
    "10": 5,
    "11": 1
  },
  "start_probs": {
    "5": 0.966,
    "6": 0.02,
    "9": 0.002,
    "10": 0.01,
    "11": 0.002
  },
  "mean_episode_seq_len": 23.706,
  "transition_matrix": {
    "4": {
      "4": 0.3445255474452555,
      "5": 0.527007299270073,
      "6": 0.004379562043795621,
      "8": 0.00145985401459854,
      "9": 0.00291970802919708,
      "10": 0.021897810218978103,
      "11": 0.09781021897810219
    },
    "5": {
      "4": 0.07083333333333333,
      "5": 0.8612179487179488,
      "6": 0.048183760683760686,
      "7": 0.0019230769230769232,
      "8": 0.0008547008547008547,
      "9": 0.000641025641025641,
      "10": 0.005555555555555556,
      "11": 0.010256410256410256,
      "12": 0.0005341880341880342
    },
    "6": {
      "4": 0.0031982942430703624,
      "5": 0.5010660980810234,
      "6": 0.47974413646055436,
      "7": 0.005330490405117271,
      "8": 0.005330490405117271,
      "9": 0.0031982942430703624,
      "10": 0.0010660980810234541,
      "11": 0.0010660980810234541
    },
    "7": {
      "5": 0.05660377358490566,
      "6": 0.32075471698113206,
      "7": 0.32075471698113206,
      "8": 0.2641509433962264,
      "10": 0.03773584905660377
    },
    "8": {
      "5": 0.1111111111111111,
      "6": 0.06944444444444445,
      "7": 0.19444444444444445,
      "8": 0.625
    },
    "9": {
      "5": 0.5555555555555556,
      "6": 0.3333333333333333,
      "7": 0.1111111111111111
    },
    "10": {
      "4": 0.0821917808219178,
      "5": 0.8082191780821918,
      "6": 0.0547945205479452,
      "7": 0.0273972602739726,
      "8": 0.0136986301369863,
      "11": 0.0136986301369863
    },
    "11": {
      "4": 0.1761006289308176,
      "5": 0.8176100628930818,
      "6": 0.006289308176100629
    },
    "12": {
      "4": 0.5,
      "5": 0.25,
      "10": 0.25
    }
  }
}