{
  "run_root": "/root/_runs/lerobot_p50_autohorizon_suites_official_bidir_20260327_223304",
  "total_events": 255,
  "states": [
    15,
    16,
    17,
    18,
    19,
    50
  ],
  "counts": {
    "15": 8,
    "16": 33,
    "17": 69,
    "18": 41,
    "19": 9,
    "50": 95
  },
  "frequencies": {
    "15": 0.03137254901960784,
    "16": 0.12941176470588237,
    "17": 0.27058823529411763,
    "18": 0.1607843137254902,
    "19": 0.03529411764705882,
    "50": 0.37254901960784315
  },
  "mean_horizon": 29.333333333333332,
  "start_counts": {
    "16": 12,
    "17": 22,
    "18": 1,
    "50": 5
  },
  "start_probs": {
    "16": 0.3,
    "17": 0.55,
    "18": 0.025,
    "50": 0.125
  },
  "transition_counts": {
    "15": {
      "15": 3,
      "16": 3,
      "18": 1,
      "19": 1
    },
    "16": {
      "15": 4,
      "16": 3,
      "17": 5,
      "50": 18
    },
    "17": {
      "15": 1,
      "16": 4,
      "17": 12,
      "18": 10,
      "19": 1,
      "50": 36
    },
    "18": {
      "17": 4,
      "18": 18,
      "19": 4,
      "50": 13
    },
    "19": {
      "18": 2,
      "19": 1,
      "50": 3
    },
    "50": {
      "16": 11,
      "17": 26,
      "18": 9,
      "19": 2,
      "50": 20
    }
  },
  "transition_probs": {
    "15": {
      "15": 0.375,
      "16": 0.375,
      "18": 0.125,
      "19": 0.125
    },
    "16": {
      "15": 0.13333333333333333,
      "16": 0.1,
      "17": 0.16666666666666666,
      "50": 0.6
    },
    "17": {
      "15": 0.015625,
      "16": 0.0625,
      "17": 0.1875,
      "18": 0.15625,
      "19": 0.015625,
      "50": 0.5625
    },
    "18": {
      "17": 0.10256410256410256,
      "18": 0.46153846153846156,
      "19": 0.10256410256410256,
      "50": 0.3333333333333333
    },
    "19": {
      "18": 0.3333333333333333,
      "19": 0.16666666666666666,
      "50": 0.5
    },
    "50": {
      "16": 0.16176470588235295,
      "17": 0.38235294117647056,
      "18": 0.1323529411764706,
      "19": 0.029411764705882353,
      "50": 0.29411764705882354
    }
  }
}